标题,分类ID,内容,关键词,来源链接
燕山大学2026年本科新生入学须知,3,"一．入学报到
1.报到时间：2026年8月27日-28日，具体见下表。
时间 | 报到学院
8月27日 | 材料科学与工程学院、信息科学与工程学院、人工智能学院、经济管理学院、外国语学院、文法学院、理学院、车辆与能源学院、体育学院
8月28日 | 机械工程学院、电气工程学院、建筑工程与力学学院、马克思主义学院、环境与化学工程学院、艺术与设计学院、西里西亚智能科学与工程学院、欧洲学院
2.新生须同时持本人身份证、高考准考证和燕山大学《录取通知书》入学报到。
3.报到地点：具体报到地点请关注新生群信息。
4.入学乘车路线：
8月27日至8月28日8:00-18:00，学校安排大巴车免费在秦皇岛火车站迎新接站。
学校校园及周边不能满足大量车辆停放需求，为保障校园秩序和学生交通安全，建议乘坐公共交通工具或学校接站车辆来校报到。
如选择乘坐公共交通工具，请参考以下路线到达燕山大学：
东校区：
◆秦皇岛火车站：乘6路或34路公交车到燕山大学站下车，约需40分钟；乘坐出租车费用约25元；
◆北戴河火车站：乘6路公交车到燕山大学站下车，约需30分钟；乘坐出租车费用约25元；",,
燕山大学2026年本科新生入学须知,3,"◆山海关火车站：乘25路公交车到四道桥汽车站转乘6路、32路或34路公交车到燕山大学站下车，约需90分钟；乘坐出租车费用约65元；
◆北戴河机场：乘坐机场大巴至燕山大学站下车，学生凭录取通知书享受半价优惠（原价40元/人，优惠后20元/人），约需90分钟；乘坐出租车费用约175元，约需60分钟。
西校区：
◆秦皇岛火车站：乘27路公交车到经棉里站转乘41路公交车，到半岛书香（燕山大学西校区）站下车，约需50分钟；乘坐出租车费用约25元；
◆北戴河火车站：乘6路公交车到新世纪高级中学站转乘41路公交车，到半岛书香（燕山大学西校区）站下车，约需40分钟；乘坐出租车费用约25元；
◆山海关火车站：乘25路公交车到四道桥汽车站转乘6路公交车，到新世纪高级中学站转乘41路公交车，到半岛书香（燕山大学西校区）站下车，约需120分钟；乘坐出租车费用约70元；
◆北戴河机场：乘坐机场大巴至燕山大学站下车，学生凭录取通知书享受半价优惠（原价40元/人，优惠后20元/人），约需90分钟；乘坐出租车费用约175元，约需60分钟。
学校内有通勤车，新生可乘坐通勤车往返东、西校区。",,
燕山大学2026年本科新生入学须知,3,"5.因故不能按时报到者，请务必事先向所在学院办理请假手续，无故逾期两周不报到者，视为放弃入学资格。
二．财务缴费
1．缴费内容：
（1）学费：根据河北省教育收费改革部署，各专业按照下表明细收费。
专业名称 | 收费标准（元/年）
工商管理类、工业工程、经济与金融、大数据管理与应用、公共管理类、法学、汉语言文学、汉语国际教育、马克思主义理论、马克思主义理论（师范类） | 5060
机械设计制造及其自动化(卓越计划)、车辆工程(卓越计划)、自动化(卓越计划)、电子信息工程(卓越计划)、生物工程(卓越计划)、机械类、材料类、外国语言文学类、土木类、化工与制药类、能源动力类、机器人工程、材料成型及控制工程、电气工程及其自动化、测控技术与仪器、自动化、智能科学与技术、智能感知工程、智能医学工程、电子信息工程、通信工程、电子科学与技术、计算机科学与技术、人工智能、建筑学、工程力学、应用物理学（师范类）、应用物理学、信息与计算科学、统计学、环境工程、过程装备与控制工程、应用化学、工业设计、车辆工程、日语、德语、俄语、法语 | 5390
设计学类、舞蹈表演、音乐表演、社会体育指导与管理、运动康复 | 8000
软件工程 | 10000
工业工程(中外合作办学)（国内部分） | 25500
欧洲学院（机械设计制造及其自动化、电子科学与技术、自动化、电子科学与技术、化学工程与工艺）（国内部分） | 5390
西里西亚智能科学与工程学院（机械设计制造及其自动化、电子科学与技术、自动化、软件工程） | 72000",,
我校实行学分制收费，学生正常（不含重修）完成学业所缴纳的学费总额不会超出上述学年学费标准。,3,"（2）新生入学后以班级为单位现场自愿购买教材，届时请关注班级通知。
（3）住宿费：970元/人・年。
2026年学校代订的床上用品价格为391元/套。每套床上用品包括棉被一条、棉褥一条、被罩两个、床单两个、枕巾两条、枕芯一个、枕套两个、硬质棉床垫一个。学生自购自带的床上用品规格标准（建议）：棉被（2100mm×1480mm，2.5kg），棉褥（1950mm×900mm，1.25kg），床垫（1950mm×900mm×50mm，1.75kg），被罩、床单等按照棉被及棉褥规格配置。
新生购买床上用品时，要选择学校后勤管理处设置的张贴有产品质量合格报告及价格公示牌的场所，切记不要购买没有检验合格证明的产品。
（4）关于城乡居民基本医疗保险缴费事宜，新生入学后请关注班级通知。
2．缴费方式：
新生可通过线上完成缴费。
（1）移动端：登录“燕山大学迎新网站”（http://freshman.ysu.edu.cn），下载“今日校园APP”，按照操作说明登录“今日校园”，进入“移动迎新”，先选择“在线缴费”，再选择“缴费项目”，完成缴费支付操作。",,
我校实行学分制收费，学生正常（不含重修）完成学业所缴纳的学费总额不会超出上述学年学费标准。,3,"（2）PC端：登录燕山大学“一网通办”服务平台（https://ehall.ysu.edu.cn）（登录账号和密码同“今日校园”），搜索并点击进入“迎新服务”，先选择“在线缴费”，再选择“缴费项目”，完成缴费支付操作。
相关缴费说明可访问燕山大学迎新网站查询。
3.如果您办理了生源地信用助学贷款，请按以下信息办理汇款：
收款人：燕山大学，开户行：中国工商银行秦皇岛分行燕大支行，账号：0404321319300000651，行号：102126005082，并请在汇款备注栏中注明学生姓名及专业。
4.新生报到现场缴费地点：东校区世纪楼103室，缴费时间8:00-17:30。现场缴费方式：银行刷卡、微信扫码。
三．电子迎新
1.新生报到前需访问“燕山大学迎新网站”（http://freshman.ysu.edu.cn），下载并安装“今日校园”APP，登录后进入“移动迎新”，进行报到前的信息采集、到站登记等操作。报到当日，出示“今日校园”生成的迎新二维码，现场扫码报到。新生“今日校园”账号开通日期、激活方式及相关操作说明请关注燕山大学迎新网站。",,
我校实行学分制收费，学生正常（不含重修）完成学业所缴纳的学费总额不会超出上述学年学费标准。,3,"2.新生须于开学报到前通过“今日校园”APP的“优课”平台完成入学教育微课学习。具体学习安排及操作指南，请关注微信公众号“燕山大学学生工作处”。
3.新生需参加图书馆入馆培训，完成在线入馆承诺填报，通过后方可激活借书及预约座位权限。新生可于8月26日后登录读者教育系统进行在线学习和承诺填报。具体事宜届时请关注燕山大学图书馆主页——新闻公告（http://library.ysu.edu.cn）。
四．户口迁移
1.根据公安部户籍管理部门的有关规定，普通高等学校新生入学时，可自愿选择是否将其户口迁入学校。户口迁入仅限当年新生办理，过期视为自动放弃，之后不得再行户口迁入。秦皇岛市生源的学生（含各区县），其户口不迁入学校。
2.如将户口迁入学校，需于入学当年10月20日前提交以下材料于安全工作处101室：
（1）河北省内生源的学生，入学时须携带原家庭户口本中本人的户口页原件、录取通知书原件和复印件、身份证原件和复印件方可办理迁入登记手续。
（2）河北省外生源的学生，入学时携带户口迁移证原件、录取通知书原件和复印件、身份证原件和复印件方可办理迁入登记手续。",,
我校实行学分制收费，学生正常（不含重修）完成学业所缴纳的学费总额不会超出上述学年学费标准。,3,"3.户口迁移证上信息须填写完整，除“曾用名”一栏外不能有空白项：
（1）姓名、性别、民族、出生日期、身份证号码等信息，按照实际情况填写即可；
（2）“曾用名”一栏，如果有曾用名按实际情况填写，如果无曾用名，空白；
（3）籍贯、出生地：***省***市***县或***省***市***区；
（4）文化程度：高中或本科；
（5）职业：学生；
（6）婚姻状况：未婚或已婚，已婚的入学时提供结婚证复印件；
（7）迁移原因应填写为：“大中专招生”或“大学以上学校招生”；
（8）原住址：……后必须有（城镇/乡村）字样；
（9）迁移地址：河北省秦皇岛市海港区河北大街西段169号，填写其它地址不能落户；
（10）备注栏：必须填写身高、血型，可以自行用铅笔备注；
（11）所有项目纸质版信息必须和电子版信息保持一致，纸质版迁移证上不能有变更，如有错误，先在原户籍地将信息变更后，再开具户口迁移证到学校落户。
五．党团组织关系
1.党员组织关系",,
我校实行学分制收费，学生正常（不含重修）完成学业所缴纳的学费总额不会超出上述学年学费标准。,3,"党员组织关系一般应通过“全国党员管理信息系统”进行转接。目标单位：中共燕山大学**学院委员会（所考取学院），转接原因注明：2026级新生党员。对于通过“全国党员管理信息系统”转接确有困难的（仅限河北省外），党员本人须提供纸质版组织关系介绍信。介绍信抬头单位：中共燕山大学**学院委员会（所考取学院）。
2.团组织关系：在入学报到时直接与各学院辅导员联系。
六.感悟燕大历史
燕山大学校史陈列馆于2020年学校百年校庆之际正式开馆，现已接待了各界参观者超9万人次，成为了学校展现办学历程、宣传办学成果的窗口载体，传承精神文化、涵养家国情怀的育人基地，凝聚师生情感、承载校友记忆的精神家园。欢迎2026级新同学们在正式报到之前登录燕山大学校史馆官网观看视频，一同走进“有场景、有科技、有故事、有情怀”的校史陈列馆，追寻燕大校史、感悟燕大精神、弘扬燕大文化。
七．特别提示
1.关于注册
每学期开学初，学生应当在2周内持有效证件到学院办理注册手续，以取得本学期的学习资格。因故不能按时注册的，应当履行暂缓注册手续。不符合注册条件或者不缴纳学费的，不予注册。逾期2周无故未办理注册手续的学生，按退学处理。
2．关于转专业",,
我校实行学分制收费，学生正常（不含重修）完成学业所缴纳的学费总额不会超出上述学年学费标准。,3,"根据《燕山大学本科生转专业管理办法》规定，本着以学生为本、因材施教的原则，学生可在第二学年开学初提交转专业申请，拟转入专业所在学院对申请转专业的学生进行考核，按考核成绩择优转入。
3.关于学制与学习年限
我校本科生实行弹性学习年限制度，4年制专业最短学习年限3年，最长学习年限6年（含休学、保留学籍等情形，其中服兵役、经学校批准的自主创业保留学籍期间不计入学习年限，下同）；5年制专业最短学习年限4年，最长学习年限7年。第二学士学位专业学制固定为2年，不设置弹性学习年限，学习年限不予延长，亦不实行留（降）级制度。超过最长学习年限者按规定作永久结业处理。请全体新生合理规划学业进程，确保按期毕业。
4．关于国家助学贷款
请有助学贷款需求的家庭经济困难学生在入学前申请办理生源地信用助学贷款。生源地信用助学贷款是国家信用助学贷款的重要组成部分，享有国家信用助学贷款优惠政策。详细政策可向当地教育局学生资助管理中心咨询。
5．关于家庭经济特殊困难学生绿色通道",,
我校实行学分制收费，学生正常（不含重修）完成学业所缴纳的学费总额不会超出上述学年学费标准。,3,"为切实保证家庭经济特殊困难学生顺利入学，我校设立了新生绿色通道，家庭经济特殊困难新生持《家庭经济困难学生认定申请表》（随录取通知书寄送）可以申请缓交学费，先办理入学手续。办理了生源地信用助学贷款的新生，也可持相关证明材料通过绿色通道入学。
6．关于脱贫户（原河北省建档立卡家庭）经济困难学生资助
脱贫户（原河北省建档立卡家庭）经济困难学生（不包括中外合作办学、产教深度融合校企合作等高收费专业）享受“三免一助”（免收学费、免收住宿费、免费提供教科书，享受国家助学金），河北省生源新生如果是脱贫户（原河北省建档立卡家庭）经济困难学生且非就读中外合作办学、产教深度融合校企合作等高收费专业，在“今日校园”注册时请务必填写是建档立卡家庭经济困难学生，暂缓缴纳学住费，报到时持《扶贫手册》通过绿色通道办理入学，待入学后由学校统一收取相关材料进行审核，审核通过后学校将对学住费进行减免，审核未通过的补交学住费。
7.关于购买电动自行车",,
我校实行学分制收费，学生正常（不含重修）完成学业所缴纳的学费总额不会超出上述学年学费标准。,3,"为防范化解校园安全风险，切实保障学生生命财产安全，学校自2024年春季学期开启校园车辆治理工作，为保障校园交通安全，按照相关要求，严控校园新增私有电动自行车，因特殊通勤需要，经学校审批同意获得电动自行车校园通行证资格者外，其他新生电动自行车禁止入校。
8.关于大学生医保
为保障大家在学期间获得及时、有效的医疗保障，根据国家及秦皇岛市相关政策，鼓励在校大学生在学籍地参加城乡居民基本医疗保险。具体政策和参保优势，请仔细阅读《大学生城乡居民基本医疗保险参保须知》。每名学生均应按要求应参尽参，应保尽保。
9．其它
（1）根据国家规定，新生来校时可持《录取通知书》购买一张从家庭所在地到秦皇岛市（秦皇岛站、北戴河站、山海关站）的学生优惠票。
（2）新生入学报到时凡自带的个人档案，请务必保管好并及时交到所在学院。
（3）新生入学后需进行体检。
七．学校各有关部门联系方式",,
我校实行学分制收费，学生正常（不含重修）完成学业所缴纳的学费总额不会超出上述学年学费标准。,3,"负责事项 | 相关部门名称 | 联系电话（0335） | 备注
入学绿色通道咨询 | 学生资助管理中心 | 8045503 | 周一至周五9:00-17:00
助学贷款咨询 | 学生资助管理中心 | 8063945 | 周一至周五9:00-17:00
公寓管理 | 后勤管理处 | 8067825 | 周一9:00-11:00
党员组织关系 | 党委组织部 | 8074605 | 周四9:00-11:00
校财务缴费咨询 | 计划财务处 | 8074809 | 周一、周四9:00-11:00
转专业 | 教务处 | 8057092 | 8月24日后周一9:00-11:00
教材 | 教务处 | 8057023/8052400/8052400 | 8月26日后9:00-17:00
图书馆入馆前培训 | 图书馆 | 8605207 | 8月26日后9:00-17:00
户口迁移 | 安全工作处 | 8074785 | 周一9:00-11:00
安全 | 安全工作处 | 8079110 | 全天
电子迎新技术支持 | 信息技术中心 | 8051283 | 8月20日后9:00-11:00
心理咨询 | 学生工作处 | 8066143 | 周一至周日9:00-12:00；14:30-17:30
迎新接站 | 学生工作处 | 8066489 | 8月20日后9:00-17:00
招生咨询 | 招生就业处 | 8057069 | 8:30-17:30",,
2026级萌新指南 | 正版化软件资源获取指南,3,"迎新指南
2026
软件正版化
本期导图
正版软件管理与服务平台介绍
往期安装指南推文
一
正版软件管理与服务平台
正版软件管理与服务平台，为学校师生提供了常用的正版软件，如：Windows、Office 、Visio、WPS 365、福昕PDF编辑器、中望CAD、MWORKS等。
平台入口：访问“燕山大学”官网，首页下滑到底部，点击“正版化”即可，也可直接输入网址访问：https://software.ysu.edu.cn 。
软件的下载与激活步骤，详见该软件下载页面“安装步骤”的详细说明。
二
往期安装指南推文
软件正版化 | 江民杀毒升级网络版！安装及升级指南速看
软件正版化 | @2026 级新生们！WPS 365 燕大专属福利来袭，新生免费领！
软件正版化|你的Office该""转正""啦！
校园软件正版化之福昕PDF编辑器
咨询电话
0335-8051286
盗版软件的存在严重破坏了软件市场秩序，由于其无法得到软件供应商维护和升级服务，易遭受病毒攻击，会严重危害网络信息安全，也阻碍了软件产业的发展。因此，推行软件正版化势在必行，自觉使用正版软件，从你我开始！
END
编 辑 | 小 T
复 审 | 曾 涛",,
2026级萌新指南 | 正版化软件资源获取指南,3,终 审 | 杨永涛,,
2026级萌新指南 | 校园网故障应对——自检与报修,3,"迎新指南
2026
校园网
（三）
本期导图
简单故障自查与解决方案
故障报修平台介绍
一
简单故障自查与解决方案
1
连接后无法弹出认证页面
1.在连接无线网络前，需要确认设备的IP地址、DNS服务器等设置为“自动获取”方式（一般情况下设备的默认设置都是“自动获取”），自己手动设置的其他DNS无法打开认证页面。
以常见的Windows系统电脑为例，打开“控制面板”（快捷键Win + R，输入“control”），查看方式选择“小图标”，点击“网络和共享中心”→“更改适配器设置”，右键点击使用中的网络（本地连接/以太网）→选择“属性”，选中“Internet协议版本4(TCP/IPv4)”，点击“属性”，IP及DNS应全部设置为“自动获取”方式。
手机和平板等移动设备的设置方法更为简单，在无线网络设置中找到对应的网络后，进入设置选项，选择自动获取即可。
1.命令提示符
2.控制面板
3.更改适配器设置
4.打开属性
5.查看配置
浏览器中输入网址，查看是否可以跳转至认证页面：
https://auth1.ysu.edu.cn
实名认证系统登录认证界面",,
2026级萌新指南 | 校园网故障应对——自检与报修,3,"2.确认没有开启VPN、游戏加速器等软件，若有，关闭它，校园网认证成功后再使用。
2
怎么查看IP配置？
1.方法同上所述，打开“网络和共享中心”→“更改适配器设置”，右键点击使用中的网络（本地连接/以太网）→选择“状态”，点击“详细信息”，查看”已启用DHCP“是否为”是“（自动获取是否打开）、IP及DNS是否正确，DNS必须是学校默认的DNS：202.206.240.12，校内无线IP地址都是“10.X.X.X”的格式；
2.确认设备直接连接的校园网络，中间没有交换机、路由器等设备；
3.若以上检查都没问题但仍无法用网，或获取的IP是169开头的地址，可进行网络报修。
1.命令提示符
2.控制面板
3.更改适配器设置
4.打开状态
5.查看详细信息
3
为什么登录时显示：用户不允许在此地接入？
学校各区域有其特定的IP范围，用户在移动时，设备如果一直处于无线网连接状态，有可能携带原有IP漫游到新区域，而这个IP不在新区域的允许认证范围内。可以在自助服务→我的设备中将设备下线，此种情况一般会在半小时内自动恢复正常。
自助服务-我的设备
4
网络连接成功，但网页访问异常",,
2026级萌新指南 | 校园网故障应对——自检与报修,3,"查看电脑上VPN、代理软件、游戏加速器等工具是否关闭。
5
如何自测网络质量？
常用的测试网络质量的方法是用长ping地址的方式来进行的。在“命令提示符”页面（快捷键Win+R）输入“cmd""，弹出控制台界面输入“ping 地址 -t”，然后按“回车”测试网络情况，如果返回的是“连接超时”表示到这个地址不通，如果返回信息“时间”波动比较大，还频繁穿插“连接超时”表示网络质量很差，会影响用户上网体验，可进行报修。
1.命令提示符
2.测试网络
6
实验室内网络故障如何自检？
1.先检查网络设备电源是否插好(维修时经常遇到设备没插电就报修)；
2.检查个人网络设备物理连接状态，如：网线是否出现松动、网口是否正常、网口灯亮没亮、网线是否损坏、交换机是否老旧故障；
3.检查房间内网线连接是否形成环路，即不能把一根网线的两头直接或间接地接到同一台交换机上。
网络环路通常发生在网络节点比较密集的环境中，导致的后果类似电路中的短路，而网线与设备间又没有类似的""零""""火""标识，导致接入的随意性比较大，从而易造成使用者误将同一根网线两头同时接入到同一台交换机端口中，形成一个环形网络链路。",,
2026级萌新指南 | 校园网故障应对——自检与报修,3,"网络环路的危害非常大，轻则一个房间，重则导致整栋楼的网络全部中断。
环形回路示意图
环路的明显特征是网络时断时续，如不能明确是否形成环路，可尝试直接用网线，一头连接电脑网口，一头直接插到墙上网口，测试电脑是否可以打开学校首页。易造成网络环路的几种可能：
1.检查联网设备是否同时连接了网线和房间内路由器的WiFi信号，WiFi信号和网线连接会构成网络环路；
2.一根网线从路由器/交换机网口接出后，又直接或间接的连回了该路由器/交换机的其他网口；
3.跨房间接网线。
房间内网线凌乱的，要保证最简化连接，不要把两端连接情况不明的网线接入路由器/交换机。
二
故障报修平台介绍
报修方式
微信报修：关注“燕山大学信息技术中心”公众号，在菜单栏中点击“线上服务→网络报修”，上传网络故障提示照片，描述具体用网环境、配置、现象。
服务-网络报修
提交报修
报修时效
当日17点前的报障当日响应，维修技术人员会提前电联了解网络故障情况、约定上门时间，无特殊原因不超过两个工作日修复故障。
报修须知
维修内容：网络线路故障、网络通信故障等。(个人计算机系统调试和安装、路由器调试配置等事宜暂不在小T处理范围之内，请勿报修，感谢理解！)",,
2026级萌新指南 | 校园网故障应对——自检与报修,3,"报修时请同学们明确地描述问题现象、时间、地点，请注明用的网络类型（有线/无线，校园网还是运营商宽带）、访问的什么网页及错误提示照片，便于技术人员了解故障类型。
正确报修示例
错误报修示例
如所在区域已停电，那么网络服务也会暂时中断，请先等待电力恢复再观察网络恢复情况，如恢复供电后网络仍未启用，可联系报修。
咨询电话
0335-8057072
END
编 辑 | 小 T
复 审 | 曾 涛
终 审 | 杨永涛",,
2026级萌新指南 | 校园邮箱一文全解,3,"迎新指南
2026
校园邮箱
本期导图
邮箱账号申请
如何找回密码
手机号绑定
二次验证设置
客户端绑定
邮箱安全
一
邮箱账号申请
在校期间，每位同学都可以申请一个校园邮箱账号，通过“个人邮箱自助服务系统”申请。
详细流程：
01
登录燕山大学“一网通办”平台：https://ehall.ysu.edu.cn，搜索“个人邮箱自助服务”进入系统”。
02
点击“发起申请”。
注意：每位师生只能有一个校园邮箱，若此前已申请过校园邮箱就不可以重复申请了哦。
03
填写必填项，之后点击“提交”。
注意：申请经由人工审核方可通过，请认真填写，填错可“追回”。
04
提交后在详情处查看状态。
注：状态分为：审核中、已驳回、已追回、已完成、草稿、已终止。状态处于“审核中”，用户可在详情页追回申请；状态处于“已驳回”，请编辑修改后重新提交；状态处于“已完成”，用户即可使用自己申请的账户密码登录并使用校园个人邮箱。
05
登录及使用：
学生邮箱登录网址：
https://stumail.ysu.edu.cn
重要
提示
若申请的邮箱账号是：
XXX@stumail.ysu.edu.cn，
那么登录时账号请填“XXX”，不要误填成学号哦!
密码就是提交申请时所设的密码。",,
2026级萌新指南 | 校园邮箱一文全解,3,"注意不要误登录教师邮箱网址。
二
如何找回密码
邮箱的密码找回，有两种途径：
方式一：通过上述“个人邮箱自助服务系统”找回，点击“我的邮箱”，之后点击“修改密码”。（小 T 更推荐此方式）
方式二：通过邮箱登录页找回，点击“找回密码”功能。
(注意：此途径需预先在邮箱个人设置中绑定过手机号。)
三
手机号绑定
同学们申请账号成功后，默认已绑定手机号。若变更手机号，可登录邮箱后，点击个人设置→个人信息→手机绑定。
特别
提示
想要换手机号的同学，旧号废弃前一定要记得提前换绑手机号哦！
四
二次验证设置
二次验证，是采用静态密码+动态密码两次验证的登录方式，是提高邮箱账户安全非常有效的方法，建议师生在邮箱设置中开启此功能，详细介绍和设置方法可点击下方查看往期推文：
服务 | 校园邮箱二次验证详解（上）
服务 | 校园邮箱二次验证详解（下）
五
客户端绑定
电脑登录不方便，想用手机随时随地查收邮件怎么办？可以使用邮箱客户端绑定邮箱账号，绑定方式点击下方查看推文：
学生篇 | 手机自带客户端绑定校园邮箱详细教程，一文解锁不迷路！
六
邮箱安全
钓鱼邮件通常具有很强的迷惑性和隐蔽性，一不留神很容易掉入陷阱。点击下方了解防范指南：",,
2026级萌新指南 | 校园邮箱一文全解,3,"校园邮箱丨图解-如何防范钓鱼邮件
邮件千万条，安全第一条
咨询电话
0335-8057072
END
编 辑 | 小 T
复 审 | 曾 涛
终 审 | 杨永涛",,
2026级萌新指南 | 答你所问，校园网高频问题合集,3,"迎新指南
2026
校园网
（二）
本期导图
01
Q
上网实名认证怎么访问？
A
设备连接到校园无线网络后，一般会自动弹出统一身份认证界面，认证成功即可上网。
实名认证系统登录认证界面
各设备反应时间不同，长时间不弹出认证的设备，可尝试：
1.网址访问：在浏览器中手动输入校园网实名认证系统网址:
https://auth1.ysu.edu.cn 。
2.官网访问：进入燕山大学官网https://www.ysu.edu.cn，点击顶栏“实名认证”图标，也可直达校园网实名认证系统。
官网实名认证入口
02
Q
校园网账号需要办理申请手续吗？与运营商宽带有什么不同？
A
已默认开通，校园网免费流量是学校为所有在校师生免费提供的网络服务，不需申请办理和激活，与运营商提供的网络无关，校园网为同学们提供60GB/月的免费流量。当知道自己学号的那一刻，就已经拥有了自己的上网账号，每一位在校师生都可以使用该服务；
运营商宽带网络非必须办理业务，区别于校园网，运营商网络是由运营商公司提供的服务，请同学们根据自身用网需求前往营业网点办理。
03
Q
校园网密码忘了怎么办？
A",,
2026级萌新指南 | 答你所问，校园网高频问题合集,3,"校园网认证使用统一身份认证方式，若统一身份认证密码忘记了，推荐使用一网通办（或今日校园APP选择“学工号登录”方式）登录按钮下方的“找回密码”功能，之后按提示用手机号自助找回。
04
Q
统一身份认证系统中绑定的手机号已停用，又或者登记的是家人手机号怎么找回密码？
A
手机号变更前换绑路径：登录今日校园→我的→通用设置→账号设置，请及时换绑，便于今后账号管理和密码找回；
通用设置
账号设置
若绑定的家长的手机号码，可以请家长代收验证码后及时变更为本人账号；
若手机号已停用或其他情况，请点击一网通办（或今日校园APP选择“学工号登录”方式）登录按钮下方的“找回密码”功能，输入账号→信息校验，点击下方的“账号申诉”，按照要求填写资料，等待申诉通过后，手机号即完成变更，新密码也会同时发送到新手机号上。
05
Q
怀疑账号密码被他人盗用应该怎么办？
A
现象：
被盗用的可能表象：
1.校园网流量消耗异常；
2.自己已登录的设备不足4个，但是提示：已超出可登录设备数。
自检：
1.登录自助服务→历史明细，查看上网时间是否和自己的使用时间匹配，查看是否都是自己的设备；
2.若有可疑设备同时在线，在自助服务→我的设备中点击“下线”。",,
2026级萌新指南 | 答你所问，校园网高频问题合集,3,"自助服务-我的设备
解决办法：
若怀疑账号被他人盗用，最有效的方式是直接修改统一身份认证密码，以防他人盗用或设备自动记住了统一身份认证密码（修改密码方式：登录一网通办→账号管理→账号安全→更换密码）。
账号管理
更换密码
06
Q
为什么登录时提示密码错误？
A
这种情况可能原因：
1.密码输入有误；
2.统一身份认证密码已泄露，密码被他人篡改。
若排除原因1，按上述密码被盗用处理即可。
07
Q
登录认证时提示：达到上网最大终端数怎么办？
A
校园网允许师生账号名下最多4个终端设备同时在线。当第5台设备认证上网时，会出现该提示内容，可以在自助服务→我的设备中下线设备。
08
Q
为什么舍友的网速比我的快？
A
无线网网络的速度受上网设备本身以及当时的环境影响较大。尤其是在开放性的环境中，无线信号会受到较多的干扰，速度也会出现波动。可能原因：
1.检查下设备与无线设备间存在遮挡；
2.设备不支持WIFI6技术；
3.低配电脑使用的是低压单频无线网卡；
4.办理的宽带套餐不一样。
若以上检查都没问题，可进行网络报修。
09
Q
无线信号很强，但上网质量差？
A",,
2026级萌新指南 | 答你所问，校园网高频问题合集,3,"校园无线网是由很多个无线AP组成的，分布在楼宇不同位置，连接到同一AP上的设备过多，或者同一AP上有其他用户在高速下载，都会影响上网质量。
宿舍区无线AP外观
10
Q
为什么信号无明显异常，无线网络却掉线频繁？
A
可能原因：
1.密码被盗，账号被他人使用；
2.无线网卡使用了节能模式，一段时间没有操作，网卡休眠；
3.来自无线信号屏蔽器、无线麦克风、无线路由器、无线键盘鼠标等同频WIFI信号互相干扰。（无线麦克风、无线键盘鼠标现阶段除蓝牙连接外一般为2.4Ghz信号，对5G信号无影响。）该情况一般会造成周边设备出现相同状况，若只有个人出现该情况，需要进行网络报修。
11
Q
为什么运营商宽带认证报错？
A
可能的原因：绑定宽带的密码错误、欠费、电话卡注销但宽带还在使用，停机保号恢复使用后还没恢复宽带。
非明确的密码错误提示，都请联系办理宽带的人员或校内运营商。
12
Q
为什么选择运营商宽带服务时只允许1台设备在线？
A
由于运营商宽带上网模式限制，每一个运营商宽带账号同一时间只能在一台设备上登录，其他流量消耗较少的设备可选择使用校园网流量。
13
Q
运营商宽带网络差，通话信号差怎么办？
A",,
2026级萌新指南 | 答你所问，校园网高频问题合集,3,"三家运营商使用的是他们自己的基站设备，由各自自主管理，建议联系运营商客服反馈问题，若反馈无果，可联系小T或其他信息技术中心老师协助解决。
14
Q
为什么到了教室，运营商网络用不了呢？
A
教学区无线网络只提供校园网服务，宿舍区、图书馆提供校园网及运营商服务。
15
Q
本校升学了，现在想将运营商账号与新学号绑定，还需登录旧学号进行解绑吗？
A
不需要，已经自动解除绑定关系啦，直接在新学号下进行绑定操作就行了。
咨询电话
0335-8057072
END
编 辑 | 小 T
复 审 | 曾 涛
终 审 | 杨永涛",,
2026级萌新指南 | 校园网入门指南，助你轻松上网！,3,"迎新指南
2026
校园网
（一）
本期导图
校园网覆盖区域
如何连接上网
校园网自助服务系统
免费流量有多少
运营商流量
一
校园无线网络覆盖区域
宿舍区无线设备
学校贴心地在教学区、图书馆和宿舍楼等区域都覆盖了校园无线网络。
无线网络名称（SSID）分为教学区的“iYanDa”和生活区的“iYanDa - Domitary”，大家连接时注意不要选错。
二
如何连接上网
设置好设备后，搜索无线网络信号“iYanDa”或“iYanda - domitary”，连接成功后，系统会自动弹出校园网实名认证界面。这里要使用统一身份认证登录（还未激活今日校园的同学请先激活！用户名为本人学号，密码与今日校园的密码相同）。
实名认证系统登录认证界面
如果是新生首次登录校园网，登录页的服务选择“校园网”。若后期有大流量需求，自行前往运营商办理了流量卡，并在自助服务中完成绑定，就可以选择下方其他服务选项。
选择服务界面
认证成功界面
实名认证页面入口
1.网址访问：校园网实名认证系统网址:
https://auth1.ysu.edu.cn 。",,
2026级萌新指南 | 校园网入门指南，助你轻松上网！,3,"2.官网访问：进入燕山大学官网https://www.ysu.edu.cn，点击顶栏“实名认证”图标，也可直达校园网实名认证系统。
重要
提示
连接网络前请关闭VPN、游戏加速器等软件，待校园网认证成功后再使用。
网络安全小贴士：请大家打开网页时，注意甄别网址是否正确，谨防伪造！
校园网实名认证系统网址:
https://auth1.ysu.edu.cn
三
校园网自助服务
校园网自助服务供同学们自助办理各项校园网络业务，例如：绑定运营商、流量查询、管理在线设备、网络问题报修等。
校园网自助服务界面
校园网自助服务系统入口
1.网址访问：校园网自助服务系统网址:
https://auth1.ysu.edu.cn/self 。
2.实名认证登录页面快捷入口：
实名认证登录页面也可快捷进入自助服务：
登录页面右上角
认证成功右上角
网络安全小贴士：请大家打开网页时，注意甄别网址是否正确，谨防伪造！
校园网自助服务网址:
https://auth1.ysu.edu.cn/self
四
免费流量有多少
校园网流量套餐现行规定：学生享受60GB/月的免费流量以供科研学习。每个账号最多可支持4台设备同时认证使用。",,
2026级萌新指南 | 校园网入门指南，助你轻松上网！,3,"可以在自助服务→我的套餐中查看套餐，在自助服务→历史明细中查看流量使用明细。
自助服务-查套餐和流量明细
重要
提示
流量加油包不支持购买，目前仅可通过参加活动免费获取。
五
运营商流量
除了学校免费提供的校园网流量，大流量用网需求的同学们也可遵循自愿原则，按需自行购买并办理运营商提供的宽带网络服务，宽带具体资费请咨询各运营商营业厅。办理后需要在自助服务→运营商管理中完成账号绑定。
绑定方式
在自助服务→运营商管理，按提示输入运营商提供的宽带账号和密码，绑定成功后回到登录页面，选择对应的运营商服务即可使用宽带流量。
自助服务-运营商管理
重要
提示
运营商宽带网络套餐办理前必看！
1. 校园网免费流量是学校为所有在校师生免费提供的网络服务，不需申请办理和激活，与运营商提供的网络无关，只是两者入网认证方式一致；运营商宽带网络非必须办理业务，区别于校园网，运营商网络是由运营商公司提供的服务，请同学们根据自身用网需求前往营业网点办理。",,
2026级萌新指南 | 校园网入门指南，助你轻松上网！,3,"2.在使用中如有任何问题，联通用户请拨打电话：0335-8503624或加微信：L8503624处理，电信用户请拨打电话：0335-5810000处理，移动用户请拨打电话：13903341860或13731771414处理。
3.绑定时需要的密码由运营商方提供，忘记此密码请联系运营商。
4. 教学区无线网络只提供校园网服务，宿舍区、图书馆提供校园网及运营商服务。
5.同时受运营商宽带上网模式限制，每一个运营商宽带账号同一时间只能在一台设备上登录，所以如果你同时有2~4台设备都需要上网，那么仅有一台可以选择运营商宽带网络，其余几台可以选择使用校园网服务。
为保障网络的通畅，宿舍不允许私接路由器，不然自己和周围宿舍同学们的网络可能都会受到影响甚至不能使用。校园无线覆盖区域杜绝使用个人无线路由器及随身Wi-Fi等设备！同时也不建议同学们随意修改个人设备上的网络配置，以免导致网络故障。
咨询电话
0335-8057072
END
编 辑 | 小 T
复 审 | 曾 涛
终 审 | 杨永涛",,
2026级萌新指南 | 一卡在手，畅行燕园,3,"迎新指南
2026
校园一卡通
本期导图
校园一卡通简介
账号与初始密码
充值与圈存
门禁授权与校车乘坐
自助服务终端介绍
自助补卡机介绍
人工服务大厅介绍
一
校园一卡通简介
校园一卡通，简称“校园卡”(勿将其与运营商手机卡混淆)，无需办理，开学后会直接统一分发到同学们手中。
校园卡外观（颜色略有区别）
校园卡就是校园里的“身份证“，一卡在手，尽享食堂消费、浴室洗澡、门禁授权、校车乘坐、图书借阅等多样功能。
二
账号与初始密码
账号：学号
初始密码：身份证号码的后6位，如果身份证最后一位为字母X，则用数字1代替。
重要
提示
校园卡的密码与统一身份认证密码不同，单独设置，单独管理，为避免密码被盗，保证卡内资金安全，领到校园卡后请尽快到自助服务终端（下拉本推文可了解自助服务终端）上进行修改。如果忘记密码，需本人持校园卡并携带身份证等有效身份证件前往信息技术中心综合服务大厅（东校区原图书馆106）找回密码。
三
充值与圈存
校园卡充值方式有两种，可根据个人需求选择合适的方式：
方式一：线上微信充值（需线下圈存）
1.关注“燕山大学信息技术中心”公众号。
2.选择底部服务栏“线上服务”→“一卡通服务”。
3.认证绑定。
4.选择“余额充值”。",,
2026级萌新指南 | 一卡在手，畅行燕园,3,"5.选择充值金额在线支付，注意充值有效时段：06:00-22:00。
6.充值后，页面会有“待圈存”字样，需前往线下圈存，充值金额才能成功写到卡户上。
重要
提示
由于浴池终端机器不支持微信充值直接写卡功能，所以微信充值后，一定要先按下文方式圈存再去洗澡！
微信充值的圈存方式
圈存方式一：食堂POS机
充值后，将卡片贴在卡机感应区内，等待5s左右，会自动将已充值金额写到校园卡中，同时扣除本次消费金额。
圈存方式二：自助服务终端
将校园卡放入感应区内，点击首页的“领款服务”→“领取转账金额”，等待系统提示“领取转账金额成功”后即可。
圈存方式三：贴值机
将校园卡贴在感应区内，等待5s左右，待机器显示微信充值金额后即完成领取。
方式二：线下自助机充值（不需进行圈存）
可以使用自助服务终端的银行服务-银校转账功能进行充值。",,
2026级萌新指南 | 一卡在手，畅行燕园,3,"温馨提示：使用自助服务终端充值时，需本人持有一张工商银行或农业银行的银行卡（必须为秦皇岛本地卡），并先在自助服务终端上将银行卡与校园卡绑定。完成绑定后，可直接在自助服务终端上进行转账充值。如银校转账未及时到账，可在自助服务终端转账页面补写转账金额或者到信息技术中心综合服务大厅（东校区原图书馆106）补写转账金额。
线上微信充值随时随地都可充值，方便快捷，但持卡消费前需到卡机上进行圈存；
线下自助机充值不需再行圈存，但需要提前绑定本地的银行卡。
四
门禁授权与校车乘坐
门禁授权
所有在校师生都可通过刷卡进出学校闸机和图书馆（门禁刷脸权限待入学后由学校统一安排采集数据并开通）
校车乘坐
乘坐校车，学生刷卡支付单次0.8元，比线上支付更优惠。
五
自助服务终端介绍
分布位置
东校区：原图书馆一楼大厅自助服务区、世纪楼一楼大厅、中快餐厅一楼东西两侧，燕鸣湖餐厅西侧、教工食堂一楼、清真食堂一楼、浴池。
西校区：大食堂一楼工商银行自助服务大厅、大食堂三楼东、燕园餐厅、浴池。
详细功能介绍
请点击下方标题跳转往期推文↓
校园一卡通篇之什么是自助服务终端？
六
自助补卡机介绍
分布位置
东校区：原图书馆一楼大厅自助服务区",,
2026级萌新指南 | 一卡在手，畅行燕园,3,"西校区：大食堂一楼工商银行自助服务大厅
重要
提示
1.支持支付宝付款，点击屏幕上小圆圈即可选择对应支付方式（付款码显示后请尽快付款，以防出卡失败）；
2.如果使用银行卡支付，要确保在自助服务终端上完成了校园卡与银行卡的绑定，补卡前请确保银行卡余额大于10元(若支付失败，建议先检查是否卡内余额不足，或更换支付宝付款方式支付)；
3.新补办的校园卡密码不变，余额为零，三天后请到圈存机或食堂POS机刷卡领取原卡余额；
4.补卡三分钟后，校园卡的消费功能即可生效，可充值后进行金融消费；次日门禁功能方可生效，可在图书馆、校门等门禁场所刷卡进出；
5.若付费成功后未出卡，请勿重复支付，请于工作时间拨打0335-8066334咨询处理；
6.目前自助补卡机只可补办学生卡，教工卡、消费卡和门禁卡暂时不能补办。除学生外，如有补卡需求，请到信息技术中心综合服务大厅（东校区原图书馆106）进行人工补办；
卡丢失处理方式详解
请点击下方标题跳转往期推文↓
卡丢了怎么办？
七
人工服务介绍
在使用校园卡的过程，如遇到任何问题，都可拨打咨询电话或前往信息技术中心综合服务大厅人工解决。
位置
东校区原图书馆106室
咨询电话",,
2026级萌新指南 | 一卡在手，畅行燕园,3,"0335-8066324、8066334
邮箱
card@ysu.edu.cn
下期精彩继续
END
编 辑 | 小 T
复 审 | 陈 飞
终 审 | 杨永涛",,
2026级萌新指南 | 今日校园账号已开放激活！快来获取你的专属学号！,3,"迎新指南
2026
今日校园
一网通办
本期导图
今日校园
一网通办
统一身份认证与新生账号激活
一
移动端
今日校园APP
今日校园APP是一款移动端官方服务运营平台，它就像一个贴心的校园生活小管家，将校内诸多应用集于一身，为同学们提供一站式便捷服务。
下载与登录
只需微信扫描上方二维码即可下载，打开APP后，选择学校“燕山大学”，登录方式选择“学工号登录”，使用统一身份认证登录。
1.打开APP
2.选择学校
3.激活并登录
重要
提示
新生首次登录需下拉本推文页面至“三、统一身份认证与新生账号激活”部分，获取账号激活方式与激活服务开通日期
功能介绍
1. 迎新服务：登录完成后，点击底部【服务】按钮，进入到服务中心，选择“迎新服务”，可以进行报到前的信息采集、到站登记、在线选手机号等操作，让报到流程更加顺畅高效。报到当天，出示“今日校园”生成的迎新二维码进行扫码报到。
2. 新生缴费：进入“新生缴费”模块，选择缴费项目，就能轻松完成学费、住宿费等费用的缴纳，再也不用担心排队缴费的烦恼啦。
3. 日常服务：除了入学迎新，还有课程表查询、体育馆场地预约、学工服务等丰富多样的日常服务功能，等待你慢慢探索发现。
二
PC端
一网通办平台",,
2026级萌新指南 | 今日校园账号已开放激活！快来获取你的专属学号！,3,"一网通办平台可以看作是今日校园APP的PC版，它集成了学校服务事项清单，致力于实现师生办事“只进一扇门”“最多跑一次”的目标，是校园服务的“百宝箱”。
访问方式
电脑端直接登录燕山大学一网通办平台（https://ehall.ysu.edu.cn），就能开启便捷服务之旅。
功能介绍
1. 教务服务：选课、退课、成绩查询、课表打印等教务相关事务，在这里都能轻松搞定。
2. 证明开具：在校证明、成绩单、四六级成绩证明等电子版文件，都能在这里快速下载，方便又快捷。
3. 日常服务：体育馆场地预约、个人邮箱申请、邮箱密码找回、学工服务、教务服务等日常服务功能也都在此。
三
认证登录
统一身份认证与新生账号激活
什么是统一身份认证？
登录认证大家都不陌生，平时使用各大应用通常都需要输入用户名和密码进行登录认证。但是每登录一个系统都要注册一套新的账号、密码，实在让人头大。因此，为了方便师生便捷地访问校内各系统应用，学校采用了统一身份认证。统一身份认证就像一把万能钥匙，只需一个账号和密码，就能轻松登录校内多个系统，让你的校园生活更加便捷高效。",,
2026级萌新指南 | 今日校园账号已开放激活！快来获取你的专属学号！,3,"统一身份认证的登录页面如上图所示，今日校园APP、一网通办平台、校园网上网认证还有今后经常访问的教务系统、图书馆数据库等都是用统一身份认证来登录的。
新生账号激活与密码获取
新生统一身份认证账号激活服务目前已正式开放，首次登录时，请点击“账号激活”，使用录取通知书号（通知书内页右上角9位数字）或学号（若已知学号）及其他个人身份信息完成信息校验，按照步骤提示生成个人密码。激活成功后，你将收到包含个人学号（12位数字）的短信，之后统一身份认证的账号就是你的个人学号，密码保持不变，仍为激活时个人设置的密码。
忘记密码怎么办
如果不小心忘记了密码，别着急！点击统一身份认证页面中的“忘记密码”，即可通过手机号找回。如果绑定了邮箱，也可以使用邮箱重置密码。
特别
提示
想要换手机号的同学，旧号废弃前一定要记得提前换绑手机号哦！
换绑路径：登录今日校园→我的→通用设置→账号设置
若以上方式都不可用，继续点击“账号申诉”，填写个人信息后等待人工审核处理。
咨询电话
0335-8051283
END
编 辑 | 小 T
复 审 | 陈 飞
终 审 | 杨永涛",,
新生必读！这份今日校园APP操作指南请查收 ！ | 新生抢先看,3,"2026级新同学们
你们好呀
本期新生抢先看
小编将为大家介绍
今日校园APP
常用功能及新生迎新服务
快来一起看看吧！
一、今日校园APP简介
“今日校园”是服务燕大学生的官方移动交流服务APP，聚集校内各种服务功能，能够为全校师生提供更加便捷的学习、生活、工作环境，从此开启您指尖上的校园生活。
二、注册使用方法
（1）扫描二维码进行下载👇👇👇；
（2）打开今日校园，选择学校“燕山大学”👇👇👇；
（3）选择“学工号登录”👇👇👇；
（4）使用学校统一身份认证账号登录：首次登录，请点击“账号激活”，使用录取通知书号或考生号及其它个人身份信息完成信息校验，按步骤提示生成个人密码。激活成功后，将以短信的方式告知个人学号(12位数字)，之后统一身份认证的账号为个人学号，密码不变，仍为激活时个人设置的密码。
三、版块及主要功能
今日校园“服务”版块，是燕大学子最常用的版块。
01
“迎新服务”版块
请新同学们在入学报到前登录今日校园APP，在“迎新服务”中完成学费住宿费在线缴纳、信息采集、到站登记等操作，并查询自己的宿舍号和床位号、辅导员等相关信息。
02
“公共服务”版块",,
新生必读！这份今日校园APP操作指南请查收 ！ | 新生抢先看,3,"公共服务版块为师生提供综合支付、系统操作、日程管理、活动预约及各类事务办理服务 。
“公共服务” 中的“图书馆座位预约”便利同学们掌上预约座位，提高学习效率。
“公共服务” 中的“班车服务”方便同学们查看东、西校区班车时间表，合理规划时间出行。
03
“学工服务”版块
学工服务聚焦学生在校事务，涵盖个人发展、宿舍管理、奖惩、信息及日常生活服务，助力学生校园生活管理与成长 。
奖学金可以查看自己奖学金的审批和到账情况。
学生基本信息中，可以填写自己的相关信息，进行记录，方便查询。
综合测评系统用于开展每学期的综合素质评估工作。
04
“教务服务”版块
“教务服务”中包含“劳动实践课平台”和“本科教务”，与我们的学习生活息息相关。
同学们可在“劳动实践课平台”查看已获得的劳动时长。
“本科教务”，设有成绩查询、学生评教、考试安排、缓考申请、全校课表查询、学业完成情况功能，方便日常学习使用。
同学们可在此页面查看自己本学期的课表。
05
“信息服务”版块
“我的校园卡”可查看校园卡余额、卡号与每月消费。支持查询消费流水、实时交易记录，卡片丢失可线上挂失补办。
充值、对账、卡务问题，手机上就能快速处理。
今天给大家带来的",,
新生必读！这份今日校园APP操作指南请查收 ！ | 新生抢先看,3,"今日校园APP
部分功能指南介绍
到这里就结束啦
里面还有超多服务功能
期待大家的探索~
如果仍有疑问可以关注
微信公众号“燕山大学学生工作处”
欢迎大家随时向我们提问
策划：杨泽
编辑：赵美婷",,
燕山大学2026考生问答,1,"一、燕山大学2026年招生计划如何？
燕山大学2026年面向北京、天津、河北、黑龙江等全国30个省（自治区、直辖市）招收本科生，其中含普通文理、艺术、体育、少数民族预科班、国家专项计划、地方专项计划、中外合作办学等类别。
二、2026年本科招生专业变化的特点有哪些？
2026年新增三个招生专业，包括人工智能、大数据管理与应用、通信工程。部分专业继续实行“专业类”招生模式。2026年学校实行9组专业类招生，包含了23个专业。大类招生学生入校后接受一年的通识教育，后期专业类内分流接受专业教育。按照专业类招生的专业有
机械类含:机械设计制造及其自动化、智能制造工程；
材料类含:金属材料工程、无机非金属材料工程、高分子材料与工程、材料物理；
工商管理类含:工商管理、会计学、旅游管理；
外国语言文学类含:英语、翻译；
土木类含:土木工程、建筑环境与能源应用工程；
公共管理类含:公共事业管理、行政管理；
化工与制药类含:化学工程与工艺、生物工程、能源化学工程；
能源动力类含:能源与动力工程、石油工程；
设计学类含:产品设计、视觉传达设计、环境设计。
三、燕山大学师资情况如何？",,
燕山大学2026考生问答,1,"学校师资力量雄厚，现有教职工约3200人，包含专职教师约2200人，其中，教授538人，副教授925人。教师中含博士生导师551人。有中国科学院院士1人，中国工程院院士1人，国务院学科评议组成员1人，国家杰出青年、优秀青年科学基金获得者30人，另有其他类国家级高层次人才入选者24人次、国家级青年人才入选者12人。
四、燕山大学有哪些重点学科、专业？",,
燕山大学2026考生问答,1,"拥有5个国家重点学科、5个国防特色学科和16个省级重点学科，工程学、材料科学、化学、计算机科学、环境科学与生态学、物理学等6个学科进入ESI排名全球前1%，其中工程学学科排名已进入全球前1‰。学校设有12个博士后流动站，14个博士学位一级学科，3个博士专业学位类别，30个硕士学位一级学科，19个硕士专业学位类别，62个本科专业，其中国家级一流本科专业34个：机械设计制造及自动化、自动化、材料成型及控制工程、测控技术与仪器、金属材料工程、无机非金属材料工程、电气工程及其自动化、电子信息工程、电子科学与技术、过程装备与控制工程、计算机科学与技术、化学工程与工艺、行政管理、旅游管理、高分子材料与工程、材料物理、软件工程、车辆工程、工业设计、应用化学、应用物理学、土木工程、工商管理、会计学、汉语言文学、英语、法学、信息与计算科学、公共事业管理、建筑环境与能源应用工程、大数据管理与应用、环境工程、生物工程、产品设计。
五、燕山大学在学科评估成绩如何？
在教育部第五轮学科评估中取得突破性进展，机械工程、材料科学与工程两个学科跻身中国高校第一方阵，部分学科实现跨级提升。
六、燕山大学在全国高校中排名如何？",,
燕山大学2026考生问答,1,"在校友会2025年中国大学排名中位列全国第61位，在软科2025年中国大学排名中位列第112位，在武书连2025年中国大学排行榜中位居第110位。
七、填报燕山大学专业志愿需要注意哪些问题？
第一，考生应该充分了解我校学科、专业设置的基本情况，各专业的学科内容、发展趋势；
第二，应根据自己的兴趣、爱好及特长选报适合自己的专业；
第三，应准确了解我校当年在该省各专业招生计划数，可参考我校近几年各专业的录取分数，正确估计自己的实力，同时，填报志愿应注意从高分专业到低分专业顺序排列；
第四，对于“是否服从调剂”志愿一栏，建议考生选填“服从”，这样可增加被我校录取的机会；
第五，考生还需特别注意，部分专业对体检结果有明确限制。舞蹈表演专业建议男生身高1.75米以上，女生身高1.68米以上报考。社会体育指导与管理专业建议男生身高1.75米以上，女生身高1.65米以上报考。
八、燕山大学是否存在专业级差？
我校对进档考生按分数优先原则依次分配专业，不设专业级差。
九、如何执行相关加分政策？
燕山大学认可各省（直辖市、自治区）根据教育部有关文件制定的全国性高考加分优惠政策。
十、考生体检方面要求？",,
燕山大学2026考生问答,1,"考生体检方面，学校参照教育部、卫生部、中国残联印发的《普通高等学校招生体检工作指导意见》（教学[2003]3号）及其有关补充规定执行。结合学校招生专业具体说明如下：
1.符合指导意见中第一部分的考生，学校不予录取。
2.符合指导意见中第二部分第一条，轻度色觉异常（俗称色弱）不能录取的专业有：以颜色波长作为严格技术标准的化学类、化工与制药类、生物工程、环境工程、高分子材料与工程、过程装备与控制工程、运动训练等专业。
3.符合指导意见中第二部分第二条，色觉异常II度（俗称色盲）不能录取的专业有：除同轻度色觉异常外，还包括美术学、绘画、艺术设计、摄影、应用物理学、材料物理、冶金工程、无机非金属材料工程、交通运输、油气储运工程等专业。
4.符合指导意见中第二部分第三条，不能准确识别红、黄、绿、兰、紫各种颜色中任何一种颜色的导线、按键、信号灯、几何图形者不能录取的专业有：除同轻度色觉异常、色觉异常II度两类列出专业外，还包括经济学类、管理科学与工程类、工商管理类、公共管理类等专业。不能准确在显示器上识别红、黄、绿、兰、紫各颜色中任何一种颜色的数码、字母者不能录取到计算机科学与技术等专业。",,
燕山大学2026考生问答,1,"十一、燕山大学“卓越工程师教育培养计划”如何招生？
燕山大学是教育部批准的全国首批实施“卓越工程师教育培养计划”（简称“卓越计划”）的61所高校之一。“卓越计划”是贯彻落实《国家中长期教育改革和发展规划纲要》精神，深化教育教学改革、推进我国从工程教育大国迈向工程教育强国的重大举措。“卓越计划”的培养目标是着力提升学生的工程素养，着力培养学生的工程实践能力、工程设计能力和工程创新能力。
燕山大学“卓越计划”按照机械设计制造及其自动化、自动化、电子信息工程、车辆工程、生物工程五个专业招生。学制四年，原则上按照“3+1”模式实施，即在校累计学习3年，在企业累计实习和实践1年。采用高校与企业联合培养模式，学生在校期间将有机会到大型企业进行实习学习，毕业后就业前景良好。
十二、燕山大学在河北省如何招收“国家专项”和“地方专项”考生？
“国家专项”全称为国家贫困地区定向招生专项计划，定向招收国家划定的集中连片特困县、国家扶贫开发工作重点县学生，招生批次为本科提前批B，我校2026年招生计划为132人；",,
燕山大学2026考生问答,1,"“地方专项”全称为地方重点高校招收农村学生专项计划，定向招收河北省实施区域的农村学生，招生批次为本科批的地方专项计划，我校2026年招生计划为180人。
十三、燕山大学少数民族预科班如何招生？
燕山大学2026年继续在河北省招收少数民族预科生。凡河北省生源的少数民族考生均可报考少数民族预科班，按国家政策录取，并按河北省招委政策进行预科培养。
预科生学习五年。第一年在河北师范大学附属民族学院进行预科阶段培养，预科阶段不分专业，主要学习高中与大学衔接课程。预科期满，根据其综合成绩分配专业后转入燕山大学相应专业进行四年本科阶段培养，与燕山大学同年录取新生一起在校学习。
十四、燕山大学考生入学后是否可以转专业？
为发挥学生的爱好和特长，提高学生的社会竞争力，本着以学生为本、因材施教的原则，燕山大学全日制普通本科生（除特殊类型招生外）可在第二学年开学初向所在学院提交转专业申请，拟转入专业按学生的兴趣和特长进行考核，择优转入。详细内容请参考燕山大学网站《燕山大学本科生转专业管理办法》。
十五、燕山大学历年录取分数线如何查询？",,
燕山大学2026考生问答,1,"查询普通类、艺术类、体育类等历年分数，可进入网址“燕山大学——招生就业——本科生招生网——历年分数”查询，也可通过微信小程序“燕山大学招生办”查询。
十六、在校期间学生出国交流学习的机会多吗？
燕山大学积极推进教育对外开放，构建高质量全球核心伙伴关系网络，与30多个国家和地区的130余所国（境）外高水平大学和科研机构建立了友好合作关系，在中外合作办学、师生交流、科学研究等方面开展长期、广泛的合作。学校积极响应国家“一带一路”倡议，全面实施国际化发展战略，致力于培养更多具有“家国情怀、国际视野和全球竞争力”的国际化人才，不断提升学校国际影响力和教育对外开放水平。
十七、收费如何？
各专业学费标准详见各省（自治区、直辖市）公布的招生计划书。
文科类、管理类专业5060元/年。
理工类、外国语言文学类专业：5390元/年。
艺术类、体育类8000元/年；
软件工程专业10000元/年；
工业工程（中外合作办学）国内：25500元/年。国外：约42069澳元/年（约合人民币200000元）。
欧洲学院国内5390元/年，波兰校区8000欧元/年；
西里西亚智能科学与工程学院72000元/年；",,
燕山大学2026考生问答,1,"十八、燕山大学就业升学情况？
燕山大学是教育部“全国高校毕业生就业能力培训基地”，是人社部全国大中城市招聘高校毕业生巡回站点唯一高校站点。被教育部授予全国“就业典型经验高校”称号，并荣获教育部“全国大学生就业最佳企业评选优秀组织高校奖”。
学校开发联系用人单位8000余家，来校招聘单位涵盖制造业、建筑业、金融业、教育业、国家机关、党政机关和社会团体等90余个细分行业领域，就业岗位涉及全国31个省、自治区和直辖市。学校年均发布招聘信息1.5万条，组织举办校园招聘会1000余场，招聘单位近3000家次，提供就业岗位27万余个，为保障毕业生好就业、就好业奠定了坚实基础。中国中车集团、中国航天科技集团、中国第一重型机械集团等重点单位每年定期来校组团招聘。
学校毕业生毕业去向落实率保持在85%以上，本科生升学率保持在35%以上，毕业生到国家重点地区、重大工程、重大项目和重要领域就业达82%以上，到党政机关、事业单位、国有企业、军队就业占比超55%。用人单位和毕业生对学校就业工作的满意度均保持在97%以上的高位。",,
