栏目,问题,答案,来源链接
校园生活,新生入学需要带哪些证件档案,1.录取通知书、高考准考证（入学报到凭证）2.身份证及正反面复印件（多份）3.户口本复印件（多份）4.免冠证件照（颜色：红、蓝、白底，尺寸：1寸及2寸）5.团员档案（团员证和转团组织关系证明）6.专项证明（家庭贫困证明、助学贷款回执单等）,https://freshman.ysu.edu.cn/info/5210/2393.htm
校园生活,开学要带哪些生活用品,1.床上用品：床垫、枕头、被芯被套、被单、凉席、蚊帐、床帘（购买时请核对宿舍床位尺寸，可邮寄到学校）2.夏季衣物、鞋子（如果中途不回家，建议带好秋冬衣物）3.护肤洗护个人用品：牙刷、牙膏、牙杯、洗面奶、毛巾、沐浴露、洗发水、浴巾、晾衣架、洗衣液、肥皂、消毒液等（可到学校后自行购买）4.充电器、数据线、耳机、充电宝、插排等5.眼镜等个人专属物品6.常用药品,https://freshman.ysu.edu.cn/info/5210/2393.htm
校园生活,开学要带哪些学习用品,1.笔记本电脑（可根据专业及个人需求准备）、U盘、台灯2.听力耳机（四六级听力必备，可在学校统一订购）3.书包、笔（可到学校自行购买）,https://freshman.ysu.edu.cn/info/5210/2393.htm
校园生活,新生重要校规提醒,"1.严守宿舍电器规定：为保障宿舍用电安全，电热杯、电热棒、电吹风、电热毯、电夹板、电饭煲等加热类电器均属于违章电器，严禁个人私自购置、存放、使用，一经发现会按校规进行处理。
2.学校宿舍、公共浴池均配备公用吹风机，完全能够满足全体同学的日常使用需求。
3.轻装入学：被褥、床品、日常洗护、零食杂物等大件、重物，不建议提前大量购置携带。学校内超市、便利店物资齐全，各类生活、学习必需品均可随时购买，轻装奔赴校园，减少出行负担！",https://freshman.ysu.edu.cn/info/5210/2393.htm
校园生活,燕山大学快递地址,"1.东校区：河北省秦皇岛市海港区燕山大学东校区
2.西校区：河北省秦皇岛市海港区燕山大学西校区",https://freshman.ysu.edu.cn/info/5210/2393.htm
校园生活,燕山大学有哪些食堂,"东区：燕鸣湖餐厅，山水园餐厅，清真餐厅以及教职工餐厅西区：大食堂和燕园餐厅这两个大餐厅中又包含着若干个小餐厅

西校区大食堂共3层楼6个餐厅

一楼是清真餐厅和心怡餐厅

二楼是禧进甲餐厅和二楼东餐厅

三楼是大榕树餐厅和三楼东餐厅",https://freshman.ysu.edu.cn/info/5210/2394.htm
